id_client,client_name,dni,birthdate,client_mail,client_address
1,Carleton Benit,1281132020658228973,2024-10-14 23:13:20,carleton.benit@gmail.com,"112 Adrienne Way, Las Vegas, Nevada, United States, 89135"
2,Alethea Hurlin,1710170400641,2024-06-07 05:33:49,alethea.hurlin@yahoo.com,"9217 Leyton Place, Saint Paul, Minnesota, United States, 55123"
3,Micheil Eam,6358934018892,2024-08-27 18:13:51,micheil.eam@hotmail.co.uk,"7793 Bentwood Lane, San Antonio, Texas, United States, 78255"
4,Curry Bonnin,238607331660265,2024-10-08 21:35:33,curry.bonnin@yahoo.com,"13571 Little River Path, Tampa, Florida, United States, 33633"
5,Josi Piatto,6352232734,2024-08-24 21:44:59,josi.piatto@yahoo.fr,"4629 Las Pacos Court, Chicago, Illinois, United States, 60609"
6,Stephanus Hatz,9465885147128,2024-11-01 00:30:30,stephanus.hatz@aol.com,"5534 Bourne Avenue, Amarillo, Texas, United States, 79165"
7,Daniella Gorthy,950344655803458665,2024-10-26 18:58:46,daniella.gorthy@aol.com,"12118 Ford Street, Springfield, Missouri, United States, 65898"
8,Gui MacCleod,45476331146073024405,2024-01-23 15:40:39,gui.maccleod@gmail.com,"8213 Turnberry Lane, Shreveport, Louisiana, United States, 71105"
9,Gunilla Redhills,914553788121444,2024-01-31 00:48:22,gunilla.redhills@yahoo.com,"6822 Gravel Court, Savannah, Georgia, United States, 31405"
10,Whittaker Spiaggia,22713310800,2024-12-05 16:35:41,whittaker.spiaggia@gmail.com,"5140 Spring Avenue, Omaha, Nebraska, United States, 68179"
11,Hermie Northam,73817841,2024-09-01 13:35:37,hermie.northam@yahoo.com.br,"8853 Queen Palm Place, Los Angeles, California, United States, 90189"
12,Lenci Mapam,87920946394091,2024-02-27 13:14:37,lenci.mapam@hotmail.com,"1361 Knudson Run, Memphis, Tennessee, United States, 38109"
13,Cesare Haxbie,02821785322,2024-10-14 10:09:27,cesare.haxbie@bigpond.com,"11898 Rayma Place, Austin, Texas, United States, 78778"
14,Ayn Cory,36239285457150544175,2024-04-06 09:25:38,ayn.cory@yahoo.com,"12306 Evans Way, Houston, Texas, United States, 77260"
15,Kristofor Dohrmann,1643543389105537,2024-08-19 23:09:06,kristofor.dohrmann@hotmail.com,"13252 Atamasco Lily Loop, Norfolk, Virginia, United States, 23520"
16,Flory Bert,046748191,2024-06-11 04:41:41,flory.bert@live.it,"14100 Clover Court, South Bend, Indiana, United States, 46699"
17,Chen Cato,84640605828,2024-07-07 00:32:35,chen.cato@gmail.com,"6159 Brandenburg Court, San Antonio, Texas, United States, 78285"
18,Barbee Feld,92570810220745176,2024-04-08 21:14:32,barbee.feld@gmail.com,"13602 Inlet Court, Camden, New Jersey, United States, 08104"
19,Vittoria Ricks,030067105618155,2024-06-18 14:16:23,vittoria.ricks@yahoo.com,"8899 Xyler Avenue, Cincinnati, Ohio, United States, 45218"
20,Goddard Digan,69793112668,2024-08-13 06:47:11,goddard.digan@yahoo.com,"6627 Ortega Way, Billings, Montana, United States, 59112"
21,Garrett Carty,0525358250335051,2024-07-21 02:54:42,garrett.carty@sfr.fr,"10292 Gray Court, Cincinnati, Ohio, United States, 45203"
22,Levy Dunsmore,64116652,2024-08-23 04:57:40,levy.dunsmore@hotmail.co.uk,"2609 Lazdowski Way, Tallahassee, Florida, United States, 32314"
23,Shermie Bevis,170598187652435,2024-03-25 00:43:50,shermie.bevis@hotmail.com,"3081 Ulelah Street, Prescott, Arizona, United States, 86305"
24,Shay Lehemann,205244001183353,2024-02-17 17:26:04,shay.lehemann@aol.com,"8320 Hinckley Lane, Yakima, Washington, United States, 98907"
25,Rochella Keetch,0406837508,2024-03-30 00:53:17,rochella.keetch@gmail.com,"10268 Velerst Avenue, Kansas City, Missouri, United States, 64142"
26,Jennine Wookey,232286850822925,2023-12-17 12:35:17,jennine.wookey@yahoo.com,"4575 Leelanau Court, New York City, New York, United States, 10024"
27,Virgie Dukesbury,83788527,2024-07-17 20:14:03,virgie.dukesbury@yahoo.com,"661 Harley Circle, Detroit, Michigan, United States, 48258"
28,Quinta Clemens,10891195994759,2024-01-13 04:23:52,quinta.clemens@gmail.com,"14681 Sea Grapes Way, Pomona, California, United States, 91797"
29,Haily Ingle,88579065518516537,2024-07-24 23:27:04,haily.ingle@yahoo.com,"8010 Joanna Lane, New York City, New York, United States, 10105"
30,Carlita D'Onisi,9767464036528953,2024-08-25 06:31:54,carlita.donisi@orange.fr,"9771 Eola Place, Largo, Florida, United States, 33777"
31,Morten Giacobini,36469746758443536,2024-03-29 09:58:55,morten.giacobini@yahoo.com,"7374 Vantage Court, Tacoma, Washington, United States, 98464"
32,Tracie Glanfield,384169034971,2024-06-24 06:48:54,tracie.glanfield@hotmail.com,"1603 Monica Street, Beaumont, Texas, United States, 77705"
33,Franciskus Turvie,50468030735,2024-02-12 17:28:26,franciskus.turvie@hotmail.com,"9843 Wade Meadow Lane, San Jose, California, United States, 95108"
34,Moe Thring,71453860614915138313,2024-10-04 14:10:59,moe.thring@hotmail.co.uk,"1761 Bernay Court, Mobile, Alabama, United States, 36689"
35,Parke Mayhow,682783955399019,2024-10-15 20:58:48,parke.mayhow@hotmail.co.uk,"3968 Lucky Lane, Lawrenceville, Georgia, United States, 30245"
36,Lizette Peirone,658559382034,2024-05-23 14:53:16,lizette.peirone@yahoo.com.mx,"14640 Starr Lane, Salt Lake City, Utah, United States, 84105"
37,Odilia Woodlands,833931209766020766,2024-04-30 22:06:53,odilia.woodlands@gmail.com,"12331 Waterbury Place, Tyler, Texas, United States, 75705"
38,Elena Margram,395986529,2024-04-21 06:58:46,elena.margram@hotmail.co.uk,"2104 Stricklin Street, Lubbock, Texas, United States, 79415"
39,Angelina Swift,72442521,2023-12-16 11:27:26,angelina.swift@yahoo.com,"294 Toquero Street, Gainesville, Georgia, United States, 30506"
40,Jolyn O' Mullane,488716970,2024-11-30 10:43:22,jolyn.omullane@yahoo.com.br,"5077 Richland Road, Baltimore, Maryland, United States, 21282"
41,Dermot Bending,52078414911669287,2024-11-14 09:07:26,dermot.bending@bol.com.br,"13748 Geiger Lane, Fort Wayne, Indiana, United States, 46825"
42,Terrel Adrianello,38629072859729775,2024-09-02 23:14:41,terrel.adrianello@gmail.com,"13659 Trumbull Terrace, Bowie, Maryland, United States, 20719"
43,Verine Croote,72779585626268,2024-05-25 13:54:03,verine.croote@gmail.com,"11045 Morven Park Way, Fort Worth, Texas, United States, 76105"
44,Daune Doerren,19725036,2024-04-09 09:03:19,daune.doerren@yahoo.com,"13393 Blackberry Avenue, Dallas, Texas, United States, 75367"
45,Umberto Lambregts,22276924272149077133,2024-04-01 07:40:12,umberto.lambregts@live.com,"5065 St. Andrews Blvd., Wichita Falls, Texas, United States, 76310"
46,Tilly Eilles,13992663378758043894,2023-12-25 16:24:22,tilly.eilles@neuf.fr,"7111 Capri Court, Naperville, Illinois, United States, 60567"
47,Marnia Castagnasso,365206296122,2024-06-11 06:40:00,marnia.castagnasso@mail.com,"5957 Mitzi Street, New Brunswick, New Jersey, United States, 08922"
48,Pippy Imlen,49625788442928661152,2024-07-18 08:56:48,pippy.imlen@libero.it,"13671 Cheryl Cooper Trail, Dallas, Texas, United States, 75221"
49,Magdaia Fenny,98408132895576017,2024-12-08 20:19:07,magdaia.fenny@yahoo.com,"7211 Kathy Loop, Atlanta, Georgia, United States, 30358"
50,Darius Howsden,54236911996638518299,2024-11-23 17:47:20,darius.howsden@aol.com,"12890 Richardson Road, Rochester, New York, United States, 14609"
